Age,Dependents,MonthlyIncome,CIBILScore,Married,CreditHistory,MonthlySavings,InvestorType
53,0,101947,692,No,0,22558.928721133154,Traditional
39,2,91001,775,Yes,1,27257.562737447508,Traditional
32,1,152775,838,Yes,1,59844.44853353072,Risky
45,0,63243,804,Yes,0,19817.742614398092,Traditional
43,3,182872,647,Yes,0,62527.30704351916,Traditional
47,3,105939,776,No,0,32685.62402491791,Traditional
35,0,87828,844,No,1,23780.363361737833,Traditional
35,3,168311,663,No,1,41853.61320533684,Traditional
48,3,36710,660,Yes,0,5800.687231968974,Traditional
60,3,182456,756,Yes,1,63287.490193298945,Traditional
48,1,182110,638,Yes,0,41283.64944642819,Traditional
27,3,67991,727,No,1,12268.679698484339,Traditional
46,3,168043,687,Yes,1,47613.601237477356,Traditional
26,3,190211,625,No,1,39346.60195142728,Traditional
48,1,115445,616,No,1,30841.784497526958,Traditional
54,0,110257,670,No,0,29477.603843044213,Traditional
26,2,67711,612,No,1,24251.894657327943,Risky
45,3,36530,668,Yes,1,11588.18260517208,Traditional
57,0,41116,625,No,0,8346.277140582719,Traditional
36,3,95794,648,Yes,1,22964.36209628584,Traditional
46,1,161354,794,No,0,41554.85514333352,Traditional
49,0,162970,606,Yes,0,46075.68414868937,Traditional
51,1,34135,657,Yes,1,10472.425823401658,Traditional
52,3,167701,648,No,1,38397.065229193286,Traditional
40,3,139472,702,No,0,38941.89187740809,Traditional
39,1,155147,652,No,0,27945.417507144306,Traditional
27,2,119087,792,Yes,0,45408.19885641984,Risky
31,1,63380,840,No,1,22421.55825306915,Risky
45,3,159951,661,No,0,47330.18619331066,Traditional
33,1,47071,616,Yes,0,16590.901166612326,Risky
42,2,50074,770,No,0,9566.008198763062,Traditional
28,1,97843,624,Yes,1,34908.72624656864,Risky
49,2,69901,730,No,0,22763.29514939175,Traditional
38,2,41205,806,Yes,1,10525.85969074353,Traditional
33,1,154661,628,Yes,1,61423.4830183613,Risky
50,1,35906,716,No,0,8860.142273740377,Traditional
26,0,163663,834,Yes,1,64114.765734311535,Risky
44,3,155576,759,No,0,27062.345273551746,Traditional
52,2,92987,625,No,1,28875.369234996488,Traditional
31,0,110685,723,Yes,1,42812.517508975034,Risky
32,1,140454,743,No,0,51090.836915525266,Risky
59,3,135487,624,Yes,0,45004.01822798087,Traditional
38,0,84400,653,Yes,0,28583.074688435645,Traditional
41,2,186222,755,Yes,1,47308.972428351124,Traditional
60,0,61852,672,Yes,1,17653.720955287594,Traditional
28,2,82756,719,Yes,0,30119.586061969774,Risky
26,1,145357,655,Yes,0,57638.93635258918,Risky
30,3,149052,664,Yes,1,52351.864889992656,Risky
28,3,86481,692,Yes,1,33280.8680180131,Risky
53,3,31283,848,No,1,7805.521957329903,Traditional
42,1,63691,685,No,0,11526.06704701478,Traditional
50,2,162197,679,Yes,1,30263.45996445445,Traditional
58,1,56170,768,No,0,12526.444364224684,Traditional
34,3,38438,842,No,1,9090.103962849787,Traditional
60,1,50095,707,No,1,13757.814521387983,Traditional
38,1,177226,778,No,0,29222.030177236873,Traditional
55,1,169076,717,No,0,42393.83764459644,Traditional
39,2,39752,832,No,0,7414.742835564255,Traditional
32,0,85426,798,Yes,1,32676.24444403932,Risky
38,0,56819,805,No,1,15766.188532813634,Traditional
47,1,122051,756,No,1,31897.03429430647,Traditional
45,0,185289,682,No,0,55152.957368203024,Traditional
40,0,62994,746,No,1,13677.373746342268,Traditional
42,1,176108,793,Yes,0,53364.47832786548,Traditional
48,1,127756,768,Yes,0,30221.118258142396,Traditional
50,3,170659,772,Yes,0,42124.9384598472,Traditional
49,0,125665,614,Yes,1,35138.5007644525,Traditional
53,2,161717,730,No,1,24851.322557040497,Traditional
39,1,192002,738,Yes,0,53913.9397002261,Traditional
25,3,111835,780,Yes,1,41764.92020666747,Risky
49,2,152232,773,Yes,0,32268.52925551706,Traditional
31,0,191162,629,Yes,0,73034.26508664864,Risky
33,3,187547,656,No,1,31542.984164968224,Traditional
48,1,179960,831,Yes,0,60222.66910149234,Traditional
25,2,73732,745,No,0,26049.719497817176,Risky
32,1,76305,778,Yes,1,30417.340961062662,Risky
48,0,39346,727,No,0,8709.025963925646,Traditional
35,2,30587,647,No,0,8212.505466893626,Traditional
41,0,42763,793,Yes,0,13560.760564958282,Traditional
32,0,99615,823,Yes,0,38264.67029977626,Risky
59,3,197188,735,Yes,0,38910.442785661624,Traditional
59,1,150987,621,Yes,0,49516.1561595457,Traditional
57,2,121353,605,No,0,18425.403402291333,Traditional
29,0,125648,803,No,1,45959.95566606513,Risky
52,0,55556,838,Yes,1,18989.309424070816,Traditional
31,2,89042,784,Yes,0,34083.09594565608,Risky
33,0,48099,703,No,0,16930.360101385875,Risky
32,3,139089,635,Yes,1,52837.70191828112,Risky
36,3,174302,678,No,1,27128.061404526343,Traditional
58,3,190081,819,Yes,1,37816.427896493355,Traditional
57,3,63866,715,No,1,20839.29467077307,Traditional
47,0,135400,656,No,1,31572.941758376557,Traditional
48,2,114246,648,No,0,33595.94121874761,Traditional
59,2,106975,772,No,1,35692.9583319542,Traditional
46,2,111557,681,No,1,25837.503955005082,Traditional
51,2,167488,665,Yes,1,31530.53286406231,Traditional
59,1,102516,676,No,0,25979.97235994559,Traditional
25,2,179130,644,Yes,0,70208.56451973815,Risky
59,1,62602,845,No,0,19461.389414769666,Traditional
38,1,188588,678,No,0,30771.14370003409,Traditional
27,3,159295,619,Yes,0,60138.407461463335,Risky
25,1,117969,791,Yes,0,42424.56122436789,Risky
29,0,162161,820,Yes,1,57582.38811358173,Risky
50,1,198418,722,Yes,0,34623.20355372045,Traditional
38,3,171559,833,No,0,44057.59030905554,Traditional
51,1,30155,820,Yes,1,9827.289504570223,Traditional
33,0,153950,666,No,0,54257.878739064145,Risky
39,0,97494,682,Yes,1,24022.42250188963,Traditional
39,0,106229,602,Yes,1,17431.34346557666,Traditional
50,3,134648,781,No,0,27687.496979832988,Traditional
37,3,68547,805,No,1,14730.841456116766,Traditional
56,2,58795,663,Yes,1,19932.944874791123,Traditional
56,3,51447,639,No,1,10625.527539552202,Traditional
28,0,197670,658,No,1,74940.99708242547,Risky
54,0,117960,782,No,0,33531.41396072849,Traditional
47,3,93278,661,No,1,17017.328122292398,Traditional
39,1,85077,731,No,0,21038.561794173853,Traditional
53,3,142782,659,No,1,42507.3162268898,Traditional
60,3,132932,715,No,1,42986.359435622784,Traditional
37,0,170600,674,No,1,46957.966451481996,Traditional
56,2,139869,721,Yes,0,39696.31922677324,Traditional
31,0,169251,822,No,0,59652.55425830164,Risky
46,2,78781,706,Yes,0,26718.993645912895,Traditional
52,0,185024,695,No,1,32659.47722249777,Traditional
26,3,83798,690,No,1,25552.908557992065,Traditional
30,0,128696,757,No,1,47293.29873344793,Risky
52,0,80939,834,No,1,27253.669091607117,Traditional
52,0,59516,729,Yes,0,17497.222389022787,Traditional
44,3,171521,661,Yes,1,51587.126372752566,Traditional
54,3,80290,648,No,0,15561.152200995606,Traditional
35,3,156688,736,Yes,1,37387.00957180201,Traditional
52,3,116661,691,No,0,31914.091018796145,Traditional
49,2,102954,758,No,0,31297.47277776848,Traditional
57,2,52746,723,Yes,1,9008.58824837498,Traditional
25,1,97990,825,Yes,1,35305.21880107968,Risky
51,3,88810,660,No,0,29133.59955039002,Traditional
37,2,148362,847,No,1,30276.191516621177,Traditional
27,0,176295,806,Yes,1,62847.90710902526,Risky
30,3,163669,647,No,0,41517.061632000965,Traditional
32,1,32659,752,Yes,0,12832.70104469707,Risky
51,1,116516,763,No,0,24804.720854544343,Traditional
33,1,104567,735,No,0,39883.66865203964,Risky
57,0,45037,800,Yes,1,13329.953238803386,Traditional
48,2,156498,849,Yes,0,36336.735552172344,Traditional
39,0,42109,657,Yes,0,11615.508199677233,Traditional
56,3,52010,700,No,0,15075.753005857467,Traditional
56,1,38787,711,No,1,11334.506383314378,Traditional
48,0,169544,772,No,0,27193.708028310564,Traditional
36,0,184455,661,No,1,59385.206299527796,Traditional
26,2,91709,638,Yes,0,35924.51659555899,Risky
27,2,64518,823,No,0,22762.64043762302,Risky
41,1,83909,657,No,1,16643.59361162252,Traditional
26,0,48351,843,No,0,18979.829083464032,Risky
26,0,45282,808,Yes,0,16496.538349629867,Risky
52,2,182850,698,No,1,41263.671062134395,Traditional
47,0,185336,828,No,0,55590.63420117496,Traditional
56,0,35075,810,Yes,0,5940.433397875338,Traditional
57,0,58365,791,No,0,14311.759884209343,Traditional
25,2,41002,643,No,0,15539.333309141943,Risky
43,1,43947,628,Yes,1,13363.736023862968,Traditional
26,3,124840,658,No,0,23982.475299385223,Traditional
50,1,146219,670,No,1,36596.90416852696,Traditional
56,3,108610,691,No,0,21366.29711597416,Traditional
30,0,82142,608,Yes,1,30780.130358046034,Risky
56,1,86307,726,No,0,26411.39236729872,Traditional
28,3,165565,819,No,1,50372.31730871113,Traditional
35,2,80085,733,Yes,0,15666.233752862501,Traditional
41,2,64228,756,Yes,1,21480.71185569007,Traditional
48,1,192727,785,No,1,51749.82763194335,Traditional
29,1,73472,744,No,0,29064.733788845675,Risky
58,0,79437,743,No,1,19890.001346097844,Traditional
30,1,89711,814,No,0,34296.191860549494,Risky
46,0,167888,822,Yes,0,43982.980322105046,Traditional
35,0,107175,730,No,0,26502.341936717978,Traditional
40,2,94307,620,Yes,0,23669.78959105181,Traditional
57,2,76733,663,Yes,0,14217.273024572598,Traditional
33,3,158202,689,No,1,49445.49418536178,Traditional
30,2,125028,635,No,0,45694.37435039566,Risky
40,2,172312,833,Yes,0,30364.12662601216,Traditional
53,1,122493,828,Yes,0,37143.72636883584,Traditional
27,2,155149,844,No,0,61936.17481224704,Risky
44,3,193834,813,Yes,0,65799.15710133946,Traditional
60,1,38259,661,No,0,8562.499884863812,Traditional
43,3,158775,769,No,1,28119.588319921742,Traditional
50,2,44849,675,Yes,1,11377.290970973267,Traditional
27,3,111768,769,Yes,0,40528.88042404351,Risky
43,1,136108,788,No,1,45840.83191178306,Traditional
44,0,119709,612,Yes,0,22351.576722211434,Traditional
56,3,84869,610,No,0,17020.74715363907,Traditional
31,3,156888,653,No,0,36292.478285985846,Traditional
57,1,93095,615,No,0,21098.389240102362,Traditional
42,1,147886,607,Yes,0,45686.80330103084,Traditional
25,3,100910,703,No,1,24345.88607235952,Traditional
35,2,53567,658,No,1,9864.558676719747,Traditional
52,3,65292,656,No,1,13283.13369921535,Traditional
49,1,104813,639,No,1,26394.29024833195,Traditional
47,0,127136,836,No,0,22819.740249177816,Traditional
55,0,81631,786,No,1,22230.662891731954,Traditional
54,2,39885,729,No,0,10495.716264358489,Traditional
59,3,96314,693,No,1,28214.26778000815,Traditional
31,0,95087,821,No,1,33722.68731972799,Risky
40,3,190237,803,No,1,63244.4641880401,Traditional
50,1,125998,737,No,1,42740.42714508732,Traditional
26,0,79812,643,Yes,0,29621.99850565506,Risky
25,2,88643,738,No,1,34551.17270033006,Risky
36,1,74900,806,No,1,15763.104973436797,Traditional
29,2,168923,679,No,0,60223.75592663852,Risky
56,1,46288,680,Yes,0,15942.082246674403,Traditional
33,0,102692,817,No,1,36954.65573921323,Risky
59,2,168440,601,Yes,0,28972.276989344686,Traditional
43,2,115436,777,No,0,39188.85967680605,Traditional
40,1,76403,739,No,0,17929.61467273642,Traditional
27,2,121170,714,Yes,1,47386.38358494455,Risky
44,1,39168,689,No,0,9340.735607525048,Traditional
48,1,79879,622,Yes,1,12717.841840901334,Traditional
57,1,89871,745,Yes,1,23256.420530534157,Traditional
48,1,62174,661,No,1,13535.951620374246,Traditional
35,0,167653,823,No,1,41022.507384368604,Traditional
32,1,140155,712,No,0,53460.260794036665,Risky
60,3,101853,727,No,1,32975.949602466484,Traditional
44,2,94046,661,Yes,0,26556.739132175797,Traditional
59,3,79678,637,Yes,1,18868.529148520895,Traditional
49,0,56649,848,No,0,17781.3036965145,Traditional
59,3,157795,838,Yes,1,52248.51667967048,Traditional
49,2,118668,794,Yes,0,20642.535139315194,Traditional
53,3,175639,765,No,1,45031.48524887894,Traditional
42,0,119906,794,Yes,1,24808.8382089755,Traditional
42,1,126019,821,Yes,0,20088.971019051005,Traditional
26,3,108002,660,No,1,30641.176033140127,Traditional
59,0,58803,728,Yes,1,18967.152005386964,Traditional
40,0,179302,821,No,1,32737.05435062114,Traditional
60,2,178934,772,Yes,0,55913.785082655006,Traditional
57,2,192331,823,No,1,61676.5409653787,Traditional
28,3,60795,755,Yes,1,23705.66010895749,Risky
57,1,38770,748,Yes,0,7872.52058077325,Traditional
38,0,41093,721,No,0,13593.178661569624,Traditional
45,3,161265,709,No,0,34532.08582851415,Traditional
44,0,130311,612,No,0,33941.79377428,Traditional
32,0,47569,754,No,0,18149.08451735251,Risky
31,1,41190,699,Yes,1,15302.378956753413,Risky
27,1,92824,734,Yes,1,34520.1551732109,Risky
41,3,193399,621,Yes,1,46202.24665218536,Traditional
57,1,72070,673,No,0,14504.698298571902,Traditional
36,1,70197,830,Yes,1,13202.841236092123,Traditional
46,3,32261,780,Yes,0,9161.823913721848,Traditional
46,1,187584,806,No,0,28152.664646889873,Traditional
54,2,167788,806,No,1,52211.97349944035,Traditional
32,0,116795,731,Yes,0,45184.66526007404,Risky
51,0,58933,823,No,0,11096.961495076039,Traditional
51,0,165450,622,Yes,1,37598.06232044687,Traditional
58,0,70583,718,Yes,0,17432.006885076345,Traditional
45,3,142082,669,No,0,31399.983209015296,Traditional
54,0,115371,815,Yes,1,24705.826637280592,Traditional
57,0,190105,683,No,0,65164.8006950347,Traditional
52,0,185072,849,No,0,51508.48695341549,Traditional
57,0,141032,700,Yes,1,21815.759312274695,Traditional
29,2,72604,683,Yes,1,25513.48669209012,Risky
43,0,125074,803,Yes,1,40649.26762235546,Traditional
28,2,103869,760,No,1,39609.16217798717,Risky
59,3,35410,627,Yes,0,5981.148033692217,Traditional
41,1,113375,735,No,0,34202.62469580139,Traditional
52,0,126055,600,No,1,34186.46471694054,Traditional
54,1,167868,764,Yes,0,44327.64401276391,Traditional
53,1,116716,662,No,0,18758.048346227646,Traditional
30,3,84245,621,Yes,1,31996.43463505072,Risky
59,1,73056,669,Yes,1,20054.593737949046,Traditional
48,2,178781,724,Yes,0,34248.14083997042,Traditional
53,1,88557,748,Yes,1,22211.33681045624,Traditional
55,1,47543,695,Yes,1,12312.511999779088,Traditional
59,1,198490,762,Yes,1,41028.168439375746,Traditional
57,0,126038,678,Yes,0,42813.221950827734,Traditional
45,0,177796,604,No,1,56626.749667787575,Traditional
56,2,33828,659,Yes,0,9961.49020324046,Traditional
47,2,146656,719,No,0,24286.053694427657,Traditional
57,0,47087,645,No,0,8062.518843840759,Traditional
27,2,173677,777,No,1,68739.74442753619,Risky
42,0,61337,775,Yes,1,11172.084939865497,Traditional
49,3,166554,733,No,1,57569.9052025376,Traditional
55,1,95333,816,No,1,17322.391894107004,Traditional
27,1,166535,655,Yes,1,66426.13340032077,Risky
48,2,100448,709,Yes,0,22382.246383523106,Traditional
56,0,34648,786,No,0,9627.892146108317,Traditional
46,0,160576,847,Yes,0,28230.430078765654,Traditional
47,2,63623,831,Yes,1,15019.054420268207,Traditional
26,0,65634,756,Yes,0,23863.595644304158,Risky
51,3,144598,798,Yes,0,47363.118992895346,Traditional
26,1,79334,703,No,1,29267.564518942432,Risky
50,2,98648,676,Yes,1,32824.67796574984,Traditional
41,2,52054,829,Yes,0,16480.23537764758,Traditional
57,0,100028,745,Yes,0,20957.28072482838,Traditional
33,2,52207,601,No,1,19916.144572884863,Risky
53,3,111554,607,No,1,17429.49950200573,Traditional
50,0,182458,674,Yes,1,62651.1709150864,Traditional
59,0,113276,824,Yes,1,28921.513743360196,Traditional
49,0,82781,781,No,0,17438.331323744722,Traditional
48,0,91035,724,Yes,0,20256.802551711284,Traditional
37,3,38210,637,Yes,1,6238.9697111451205,Traditional
31,0,74363,775,No,0,26237.592316163365,Risky
60,2,108279,626,Yes,0,17092.748505794367,Traditional
44,3,183504,619,Yes,1,51561.21534522494,Traditional
25,1,164393,739,No,0,65171.660255111725,Risky
32,1,111348,642,No,0,41737.36936108051,Risky
40,2,198455,788,Yes,0,39532.225692517,Traditional
38,2,143816,630,No,1,36876.919734293806,Traditional
36,3,153053,690,Yes,1,37723.162958443216,Traditional
47,1,196892,823,Yes,0,57211.55598038251,Traditional
39,1,96262,660,Yes,1,15748.66018964078,Traditional
52,1,164832,801,No,1,31113.32997600192,Traditional
58,1,183262,794,No,1,35353.61561197117,Traditional
26,1,97411,708,Yes,0,34438.181364992364,Risky
56,0,53377,690,Yes,0,10025.681238766481,Traditional
47,2,68211,762,No,1,18055.33934135348,Traditional
46,0,33744,694,No,0,6514.237495796836,Traditional
49,1,54995,742,No,0,17726.262825973678,Traditional
46,3,178049,743,Yes,0,60258.38559728512,Traditional
46,3,64542,612,No,0,16374.214717744413,Traditional
30,1,40651,712,No,0,15846.55396326069,Risky
39,1,129239,634,Yes,1,25435.72855709731,Traditional
57,3,108931,843,Yes,0,17424.188855381337,Traditional
32,0,132112,802,Yes,0,48953.722123803884,Risky
29,0,46715,786,No,0,17761.75404859802,Risky
28,1,185378,748,Yes,1,70721.88014878785,Risky
30,0,180158,842,Yes,1,66815.04380144448,Risky
56,3,175448,781,Yes,1,40222.410629928774,Traditional
54,0,91350,802,Yes,0,26379.383264339765,Traditional
59,1,101425,757,No,1,25139.661932532836,Traditional
40,3,197708,647,Yes,1,49924.28369958881,Traditional
37,0,116120,844,No,1,23636.790682366023,Traditional
54,2,144889,634,No,1,34916.82262117209,Traditional
43,3,195682,685,No,0,47777.12995708811,Traditional
41,3,171130,765,Yes,1,49855.04694937901,Traditional
43,2,104637,758,No,1,35380.69951896748,Traditional
52,2,100194,805,Yes,0,21628.303215216405,Traditional
50,3,106917,751,Yes,0,16939.93949986134,Traditional
50,2,94200,713,Yes,1,23480.20016443205,Traditional
47,1,135848,776,No,0,35169.99660996005,Traditional
33,1,136022,823,Yes,1,50374.20894141307,Risky
36,1,178226,699,Yes,0,53840.81298363166,Traditional
25,3,180611,759,Yes,0,64513.13081505518,Risky
25,2,90058,782,No,1,31559.110506770525,Risky
58,2,92068,806,No,0,17439.631756483202,Traditional
56,0,129932,834,No,1,42237.339297357124,Traditional
49,0,191445,785,Yes,0,55691.10684456699,Traditional
25,2,194226,698,No,1,73009.70245785531,Risky
40,2,167103,602,Yes,0,43132.99379692904,Traditional
29,2,52785,807,Yes,0,19590.325660930863,Risky
46,3,189741,796,No,0,46681.40671638491,Traditional
53,2,124475,684,Yes,0,27962.247453872133,Traditional
27,0,32282,724,No,0,12480.57502090856,Risky
36,3,195696,737,Yes,1,52021.07722608859,Traditional
50,2,97534,682,No,0,18318.399976723493,Traditional
40,0,192777,624,Yes,1,63651.407903535925,Traditional
46,3,199316,667,Yes,1,56772.64917858466,Traditional
53,2,104964,660,Yes,1,29038.68772788244,Traditional
38,2,198509,628,Yes,0,33726.52927257846,Traditional
52,2,149006,726,Yes,1,40356.00836626904,Traditional
29,3,80583,618,No,0,14036.924609032885,Traditional
54,0,68392,770,Yes,1,11335.258280392745,Traditional
29,0,37461,793,No,1,14735.306090323902,Risky
36,1,130123,673,No,1,30000.78240934641,Traditional
40,2,40516,660,No,1,10848.647381129907,Traditional
50,1,178586,770,Yes,1,29974.666020934,Traditional
50,1,151251,752,Yes,0,35724.973847742134,Traditional
45,0,197340,619,Yes,1,36499.48206940229,Traditional
60,3,197860,647,No,1,68740.52460018914,Traditional
57,3,92493,810,Yes,0,24254.443319753314,Traditional
54,0,66027,686,Yes,0,18981.92872346853,Traditional
47,3,123547,751,No,0,26572.94046469883,Traditional
34,1,130127,738,No,1,49226.079777019426,Risky
29,2,178930,709,No,1,70827.25758190187,Risky
60,0,109003,825,No,1,22591.06872677462,Traditional
58,2,69758,782,No,1,16376.502276267636,Traditional
55,3,84312,627,No,1,23605.065393317498,Traditional
34,2,98670,796,Yes,1,37426.69283323489,Risky
43,3,112279,790,No,0,35036.86698307009,Traditional
56,3,45434,658,Yes,0,11690.878697152066,Traditional
25,1,105769,732,Yes,1,39472.65373246802,Risky
29,3,96677,650,Yes,1,35025.20017687907,Risky
28,1,113555,748,No,1,44938.49501632024,Risky
40,1,158379,611,Yes,1,52107.76350626969,Traditional
48,1,131665,649,No,1,37814.82588890382,Traditional
40,0,98803,731,No,0,19758.657960577926,Traditional
26,0,121703,845,Yes,0,46439.09227590124,Risky
52,3,51312,712,No,1,14784.170581836614,Traditional
56,1,147961,769,Yes,0,39132.95390838329,Traditional
51,0,70379,811,Yes,1,16250.785922369225,Traditional
44,1,47297,765,No,1,10534.09614246849,Traditional
48,2,32011,752,Yes,1,6189.738357353336,Traditional
36,2,150234,613,Yes,0,42654.77550293148,Traditional
59,2,74014,802,Yes,0,25470.704681827105,Traditional
57,3,172810,631,No,1,31994.57032661237,Traditional
57,1,124333,738,Yes,0,33498.210143277516,Traditional
36,2,41120,788,No,0,9656.497898454907,Traditional
27,0,169839,745,No,1,67312.16674502134,Risky
25,2,52852,754,Yes,0,20375.560688351798,Risky
57,2,109239,654,Yes,0,34413.23173647555,Traditional
34,2,162001,781,No,1,60890.28043861841,Risky
53,3,121575,809,No,1,31449.163296200786,Traditional
37,0,125040,719,Yes,0,26377.46090723552,Traditional
36,1,178510,814,Yes,1,33267.425841241435,Traditional
55,0,35744,674,No,0,5975.756183184322,Traditional
26,1,168141,620,No,1,63774.27046058727,Risky
59,3,72359,771,No,1,13693.713277730307,Traditional
47,3,180871,732,No,1,52093.57387749641,Traditional
41,3,128746,686,No,1,29363.781184552223,Traditional
50,3,150906,768,Yes,0,35184.48242362887,Traditional
32,1,37597,658,No,1,13620.367571403809,Risky
53,2,77093,688,No,1,17233.500403415335,Traditional
50,1,198298,832,Yes,1,33735.248048657035,Traditional
34,0,144650,781,Yes,0,55498.00818935194,Risky
50,3,187489,801,No,0,53011.92831042917,Traditional
58,3,179765,749,No,1,50901.696586010316,Traditional
31,0,150956,682,Yes,1,53428.05868920849,Risky
28,1,145598,664,No,1,53368.32640340325,Risky
35,2,163241,663,No,1,30801.853789579334,Traditional
53,2,183124,670,Yes,1,35173.43541161393,Traditional
60,0,38036,603,No,1,5880.723810926744,Traditional
49,2,61778,792,Yes,0,20346.541672040126,Traditional
45,1,188806,742,Yes,1,36277.43652122655,Traditional
60,1,184245,703,Yes,1,36021.14583123173,Traditional
34,0,191475,803,Yes,1,69304.35404092533,Risky
33,1,167416,749,No,1,60950.17682458974,Risky
48,3,48800,813,Yes,1,13559.2057398501,Traditional
59,0,55372,841,No,1,9137.963120669865,Traditional
59,1,91516,774,No,0,16183.733849536453,Traditional
60,0,50538,808,No,0,14097.643089682022,Traditional
42,2,93918,692,No,0,20467.749230875226,Traditional
56,1,176045,773,No,0,51332.88503032217,Traditional
48,3,101155,741,Yes,0,26450.510009421643,Traditional
47,1,89500,777,Yes,0,18007.778997801084,Traditional
56,0,197647,747,Yes,1,55373.88838607284,Traditional
36,0,140659,777,Yes,1,24369.837919263256,Traditional
37,1,57716,711,No,1,14849.292333969404,Traditional
47,3,164308,760,Yes,1,39011.586168747905,Traditional
49,3,176920,718,No,1,36016.43885441232,Traditional
59,3,32352,658,No,1,8760.95393737366,Traditional
54,0,163004,642,Yes,0,52856.772177167084,Traditional
41,1,106449,806,Yes,1,37233.83127701595,Traditional
44,2,38556,611,Yes,0,10469.980262334293,Traditional
49,0,116836,639,Yes,0,26982.243106624584,Traditional
46,3,166570,717,No,1,32488.04933660254,Traditional
37,1,80098,619,No,1,16133.27651367393,Traditional
43,3,142169,821,Yes,1,34958.0769577148,Traditional
60,2,170641,765,No,1,38130.6768448483,Traditional
36,3,156060,730,No,1,51930.97888016975,Traditional
43,3,160544,755,No,1,35907.12551186364,Traditional
36,2,30340,783,Yes,1,6817.061779070503,Traditional
33,1,112302,689,No,0,44345.433766654154,Risky
31,0,30138,693,Yes,1,11916.205418056454,Risky
52,1,161430,612,Yes,1,45225.851726863075,Traditional
38,2,149619,804,No,0,40821.115843172476,Traditional
55,3,115376,665,No,1,25016.817070112098,Traditional
43,1,129931,636,Yes,1,40743.87152000313,Traditional
40,0,191726,776,No,0,30229.96993645663,Traditional
29,2,186951,829,No,1,72958.74205979466,Risky
59,1,111532,665,Yes,1,28167.40436476331,Traditional
36,0,85778,635,Yes,1,19698.921729222762,Traditional
49,2,67772,781,Yes,1,16904.604189759797,Traditional
45,0,88478,625,Yes,1,25082.01826211446,Traditional
60,2,56762,674,No,1,8659.218228001779,Traditional
47,3,174355,799,No,0,56545.13478655555,Traditional
40,1,85568,707,Yes,1,20480.52154036905,Traditional
38,0,115090,767,Yes,1,25157.9033504564,Traditional
55,2,50219,642,Yes,0,8921.360812115343,Traditional
29,0,87169,749,No,0,34694.86056885183,Risky
59,0,104965,747,Yes,1,26164.053937572964,Traditional
47,1,114754,607,No,0,26477.11455598091,Traditional
53,3,107988,628,Yes,1,30855.629242435793,Traditional
35,0,180023,639,Yes,1,42157.66115936443,Traditional
42,2,162379,817,Yes,0,55579.65497462974,Traditional
36,2,110388,757,No,1,29788.809327502127,Traditional
33,3,120768,808,No,1,37618.699066561945,Traditional
34,2,65428,727,No,0,22943.248128994397,Risky
41,3,122021,683,Yes,0,27998.72617131047,Traditional
31,2,148418,715,No,0,55356.670899770725,Risky
37,1,162212,782,No,0,42807.17542888256,Traditional
33,0,185914,743,Yes,1,65741.1721069203,Risky
51,1,56421,773,Yes,0,9347.134116870035,Traditional
26,0,31708,661,No,0,11895.60564571688,Risky
29,0,164702,834,No,0,63946.777293492494,Risky
53,0,180667,606,No,0,34791.04729885838,Traditional
43,1,106021,807,No,0,30083.52775800474,Traditional
32,0,189380,644,Yes,1,72421.3450981629,Risky
25,1,74789,786,Yes,0,26820.780181774164,Risky
46,3,56086,838,Yes,1,9816.047319416904,Traditional
41,2,46859,783,No,0,8245.149998159168,Traditional
31,2,37684,775,No,0,13485.603557398013,Risky
49,0,121088,754,Yes,0,41082.21967557168,Traditional
28,1,162279,780,Yes,0,61003.641451229625,Risky
60,2,76099,814,No,0,16390.843377456404,Traditional
30,1,96093,687,No,0,36644.26271419785,Risky
55,1,190761,672,Yes,0,64112.811097714126,Traditional
43,0,78651,762,Yes,0,24962.692196212494,Traditional
51,2,43893,778,Yes,1,15322.902425182643,Traditional
34,0,96418,811,No,0,38465.70730783974,Risky
50,0,155074,636,No,1,26761.372786637374,Traditional
43,2,133065,833,No,0,36179.51558647591,Traditional
27,2,160351,808,No,1,62163.87834044743,Risky
37,3,68635,838,No,0,14210.799086844983,Traditional
52,3,125071,822,No,0,24744.323998305554,Traditional
44,1,108518,718,Yes,0,33357.90795944983,Traditional
52,2,136233,656,Yes,1,21971.163819197456,Traditional
32,3,133651,607,No,1,29921.322046412017,Traditional
25,1,102805,806,Yes,1,40367.84718583506,Risky
27,1,189136,694,No,1,74294.0735724791,Risky
37,1,152813,716,Yes,0,45190.32359099492,Traditional
52,3,109063,821,No,0,24099.557826903572,Traditional
49,2,32454,709,Yes,0,8844.911544413939,Traditional
57,0,50878,619,Yes,1,13588.246152151654,Traditional
30,1,174063,723,No,0,62043.90853328242,Risky
56,3,98344,830,No,1,27349.137796155544,Traditional
45,3,134946,652,Yes,1,27244.225567790523,Traditional
40,0,66593,718,Yes,1,11116.352889492238,Traditional
45,0,66304,611,No,1,11527.237788584629,Traditional
35,3,191458,776,Yes,1,37318.318763630115,Traditional
60,2,143613,616,No,0,35908.93522284675,Traditional
59,0,182155,663,No,1,57941.41984514205,Traditional
43,3,48354,641,Yes,1,14035.167652668342,Traditional
44,0,52190,693,No,0,16064.505826660969,Traditional
42,2,36142,756,Yes,1,7958.292199987359,Traditional
38,1,189470,746,Yes,1,43754.44888603016,Traditional
39,0,71862,837,No,0,16437.453538211485,Traditional
55,2,180575,610,Yes,0,34015.75005476857,Traditional
25,3,155438,697,No,0,25218.77898170411,Traditional
27,0,78456,777,No,1,29136.761190205078,Risky
40,0,130167,670,No,0,45277.72360616148,Traditional
47,3,112035,707,Yes,0,20543.403198820535,Traditional
35,1,38016,657,No,0,6057.354022658158,Traditional
36,3,32384,633,Yes,1,9906.47079683725,Traditional
34,0,176144,619,No,0,66108.07491065227,Risky
56,3,132239,649,No,1,41778.103435213176,Traditional
40,2,141431,701,No,1,41126.343351071715,Traditional
32,3,110018,815,Yes,0,41331.1104331598,Risky
36,0,70510,737,Yes,1,16343.191878640588,Traditional
48,3,51826,759,No,1,14635.349779873713,Traditional
52,1,98026,651,No,0,23817.470948800332,Traditional
32,3,151668,614,Yes,1,59516.063605068026,Risky
52,1,186590,828,Yes,0,44766.63197439674,Traditional
60,2,54045,683,Yes,1,10145.675951597825,Traditional
50,1,120102,730,No,1,30215.199091367605,Traditional
32,3,81919,636,Yes,0,32140.039028408388,Risky
52,0,129441,725,No,0,40401.2245445287,Traditional
52,1,188175,848,Yes,1,55907.57176254142,Traditional
60,2,197260,639,No,1,55776.907147737846,Traditional
51,1,166917,671,No,0,28822.796765669747,Traditional
41,1,197746,639,No,1,58161.6978027174,Traditional
33,1,148325,835,Yes,1,53681.31833831988,Risky
57,2,49337,655,Yes,1,16222.987762573915,Traditional
44,3,183385,750,Yes,1,61245.85625110591,Traditional
37,1,188015,703,No,0,30276.30327639894,Traditional
52,1,107949,738,No,0,33909.837159741124,Traditional
53,0,30276,709,Yes,0,4769.665238487355,Traditional
37,2,81151,791,No,0,18131.886458955356,Traditional
59,1,178683,735,No,0,46182.40730878025,Traditional
30,2,173016,692,No,0,62016.36794045635,Risky
42,1,82887,693,Yes,1,24804.99259648261,Traditional
29,3,111442,655,No,0,16902.51298847029,Traditional
49,3,79847,659,Yes,1,14669.475644062506,Traditional
26,1,88653,737,Yes,1,32460.93964737361,Risky
34,3,86622,638,Yes,1,32674.288861144232,Risky
54,1,57810,627,Yes,0,19269.727553347057,Traditional
29,3,107842,648,Yes,1,39667.3013588779,Risky
57,0,152225,763,No,0,43286.069882909396,Traditional
25,0,40503,724,Yes,1,16131.368612113138,Risky
42,0,114761,612,Yes,1,17243.63039157625,Traditional
56,2,198048,823,Yes,0,34466.66017481449,Traditional
35,2,156439,635,No,1,40190.885685418005,Traditional
45,0,41590,700,No,1,11854.23039045388,Traditional
50,2,171958,625,No,1,40150.41440045358,Traditional
49,3,173938,685,No,1,51509.26918144503,Traditional
46,1,96624,603,Yes,0,24578.484484835288,Traditional
51,1,193864,822,Yes,1,31955.618796539147,Traditional
37,1,170836,681,No,1,32186.0576500721,Traditional
57,0,150356,791,No,0,47813.154570813254,Traditional
58,2,72727,765,No,1,21453.19586475112,Traditional
59,3,108471,726,No,1,35681.79549864647,Traditional
25,3,38068,687,Yes,1,13713.95747176084,Risky
45,0,146923,726,No,1,51135.743090650096,Traditional
30,3,168367,719,No,0,32306.48604152169,Traditional
52,3,41390,814,No,1,6306.013815900822,Traditional
41,3,136752,621,No,0,47792.71635229032,Traditional
29,3,181203,729,No,1,37366.73625286217,Traditional
55,2,124754,630,No,1,35380.71975575038,Traditional
29,3,105969,718,No,1,19639.919630189775,Traditional
27,1,176110,610,Yes,0,64449.438359656284,Risky
47,0,107064,819,Yes,1,35417.520357954185,Traditional
34,2,51281,645,Yes,1,18273.053921685387,Risky
34,3,84189,695,Yes,0,30217.620126953538,Risky
43,2,78511,789,Yes,0,14727.149732030495,Traditional
41,3,152115,796,Yes,0,41825.400415219774,Traditional
45,1,38605,791,No,0,8388.483166382995,Traditional
38,0,130318,829,No,1,25052.547568532937,Traditional
33,3,162453,609,Yes,1,64790.23374612289,Risky
25,3,49810,767,No,1,9253.114724474697,Traditional
37,3,185394,727,Yes,1,61251.066979299285,Traditional
28,3,71869,837,No,0,16489.434866545147,Traditional
25,0,62955,751,No,1,22883.33184695415,Risky
56,0,91388,698,No,1,21904.019154952814,Traditional
58,1,40207,771,No,1,8608.609531757753,Traditional
52,0,189292,711,No,1,56576.32187856642,Traditional
55,3,52031,659,No,0,17911.35864706283,Traditional
32,1,110807,789,Yes,1,42505.89486557194,Risky
50,1,101312,686,Yes,1,32643.403163597523,Traditional
58,1,89766,744,No,1,23623.95293223056,Traditional
27,3,173521,664,Yes,0,60766.34601699442,Risky
36,2,119833,846,No,0,34526.82901036668,Traditional
25,3,141041,822,Yes,1,55022.024225968875,Risky
29,0,146185,822,No,1,56915.10519544113,Risky
54,0,40350,833,Yes,1,13232.277419453336,Traditional
54,3,130859,656,No,0,31155.815496295905,Traditional
41,3,98487,782,Yes,1,32523.906115561538,Traditional
47,1,178694,705,No,1,53632.1097676092,Traditional
39,3,153853,780,Yes,1,38112.61673222111,Traditional
45,1,83117,783,No,0,22495.15284989659,Traditional
38,0,131084,825,No,1,28198.295435024418,Traditional
26,1,53782,608,No,1,19032.061220170348,Risky
35,3,58454,621,Yes,0,16569.96897698957,Traditional
58,0,97904,740,Yes,0,15544.15644936601,Traditional
58,2,159936,688,Yes,1,34438.120223542704,Traditional
42,1,176664,775,No,0,48523.04422512202,Traditional
54,0,183245,617,Yes,1,29551.308298064338,Traditional
39,1,194276,714,No,0,30069.425030543553,Traditional
51,0,196668,803,Yes,0,47201.27342789077,Traditional
58,0,195396,767,Yes,1,42310.66607024579,Traditional
57,1,152258,744,Yes,1,36185.593892382756,Traditional
48,2,141668,742,Yes,1,28693.24716481611,Traditional
39,0,154184,705,No,0,28206.96821893131,Traditional
54,0,191822,614,Yes,1,55211.87140453646,Traditional
41,0,46566,806,Yes,1,11777.203720025278,Traditional
29,2,168262,662,No,1,62992.03299652223,Risky
53,2,68333,846,No,1,14617.650852924891,Traditional
28,3,151929,766,Yes,1,60362.81143085992,Risky
34,1,119571,612,Yes,0,45316.04255314907,Risky
41,2,150263,680,No,1,26970.796306272787,Traditional
34,1,162661,631,No,1,57340.62892970427,Risky
41,3,55235,736,No,0,17258.91957449287,Traditional
44,1,30159,639,Yes,1,9062.232012888197,Traditional
48,2,173217,747,Yes,1,52079.87122426585,Traditional
29,1,192993,817,Yes,1,74720.64526873718,Risky
58,2,134859,818,No,1,38283.37977013898,Traditional
30,1,177309,812,No,1,63264.34974354201,Risky
26,2,137507,681,No,0,53875.78507058284,Risky
37,2,169316,676,Yes,0,26696.445002096145,Traditional
35,1,44743,807,No,0,12272.686532586502,Traditional
47,3,76101,800,Yes,1,23254.604253812377,Traditional
40,0,151534,790,No,0,37894.360756497634,Traditional
55,3,114227,675,Yes,1,25301.5849932516,Traditional
35,1,101126,771,Yes,1,20779.91119669676,Traditional
40,3,86071,637,No,1,23975.97305190012,Traditional
32,2,104763,810,Yes,0,41834.84897812573,Risky
28,0,173309,787,No,0,61142.77699071863,Risky
28,1,176721,670,Yes,0,63108.67175082745,Risky
49,1,198785,848,No,1,60421.58762472873,Traditional
27,1,76154,826,No,0,29036.915518134392,Risky
56,0,37016,647,Yes,1,12088.215107787955,Traditional
27,2,119678,617,No,0,46892.47174448499,Risky
51,1,142056,743,Yes,0,36014.88458058032,Traditional
53,3,84238,782,No,1,22371.54191728386,Traditional
56,1,88608,638,No,1,26570.266997692164,Traditional
43,1,119081,795,No,0,40837.411381874386,Traditional
45,1,192969,786,No,0,31784.439379932417,Traditional
29,1,80961,688,Yes,0,29626.938463856066,Risky
42,2,56917,823,No,1,19210.060510842693,Traditional
52,3,183808,661,No,1,47050.275795050075,Traditional
46,2,57990,831,Yes,0,15830.145162947325,Traditional
45,3,92551,740,Yes,0,22812.407350238747,Traditional
30,1,183512,708,Yes,1,64430.89633996717,Risky
25,0,196277,680,Yes,0,76574.50193135692,Risky
29,2,110811,840,Yes,1,43149.99814797789,Risky
36,0,85103,828,Yes,1,18070.827553800555,Traditional
50,2,136122,733,No,1,28755.47970779606,Traditional
58,1,49008,810,Yes,1,15563.386079083528,Traditional
38,2,62402,676,No,1,10263.347519514851,Traditional
50,1,166865,848,Yes,1,54434.872116103674,Traditional
51,2,166643,787,No,0,33550.62479786497,Traditional
33,1,177281,689,No,1,70358.22998620429,Risky
50,1,143550,613,No,1,48404.892879141036,Traditional
46,3,121218,694,Yes,0,34622.83067825384,Traditional
54,1,163296,653,Yes,1,38029.346131323444,Traditional
41,3,150779,731,Yes,0,43410.30569690992,Traditional
50,1,159714,638,Yes,1,34944.772726926545,Traditional
60,0,62441,671,No,0,12828.608555051906,Traditional
25,1,92368,624,Yes,0,35576.82860158873,Risky
32,0,122122,676,No,1,45200.566179258356,Risky
59,0,74760,759,No,1,20853.853101812936,Traditional
39,1,53478,786,Yes,1,11821.735908016546,Traditional
46,0,157881,829,Yes,1,25234.46217356563,Traditional
38,3,101854,790,Yes,0,15910.753410336949,Traditional
50,2,124230,765,No,0,32403.68747288085,Traditional
52,1,115716,719,Yes,0,34993.27566955097,Traditional
47,0,173252,819,No,1,44608.20390055575,Traditional
38,1,128538,652,Yes,0,40895.26631538198,Traditional
48,3,45372,821,No,1,7109.12573190113,Traditional
26,1,59796,794,Yes,1,21297.29762461691,Risky
50,1,128826,755,Yes,0,25432.06604268093,Traditional
38,0,150592,730,No,1,36059.94616414346,Traditional
31,3,123635,836,Yes,0,48049.75418572179,Risky
27,2,141022,845,Yes,1,55020.93559457355,Risky
47,2,84040,825,Yes,0,16358.476781173818,Traditional
42,0,105357,807,Yes,1,35237.866060324806,Traditional
59,1,108356,749,Yes,0,25483.015741430936,Traditional
39,0,46211,695,Yes,0,16040.061144371375,Traditional
49,0,135426,765,Yes,1,35320.6821276965,Traditional
52,0,35842,799,No,1,12048.882303557859,Traditional
34,1,96852,846,No,0,34820.14283832202,Risky
41,3,155737,671,Yes,1,46666.243391638964,Traditional
46,0,75968,661,Yes,1,25115.790402978375,Traditional
50,1,47508,784,Yes,1,8453.76893920723,Traditional
49,3,183077,605,No,0,30981.236511513416,Traditional
41,0,84575,805,No,0,19867.89565055044,Traditional
37,2,180043,631,Yes,1,60626.9202593784,Traditional
44,3,186671,698,No,1,48250.21831546187,Traditional
49,0,96914,737,Yes,0,24760.68314502559,Traditional
28,3,97055,730,Yes,1,38391.76399864418,Risky
34,3,117697,786,Yes,0,44454.74115023738,Risky
27,3,136239,675,Yes,1,48872.32496441855,Risky
42,3,153106,776,No,1,25647.538208114194,Traditional
60,3,35355,658,No,1,9785.202068277475,Traditional
46,3,84120,630,Yes,0,28005.507230763582,Traditional
58,0,68342,692,No,0,13103.237809814696,Traditional
32,2,32257,668,No,0,12688.003033192681,Risky
43,1,57364,789,Yes,0,9507.493030849915,Traditional
30,3,186044,651,No,1,50371.604396024966,Traditional
50,1,141715,688,Yes,1,25903.566766976626,Traditional
58,0,56654,726,Yes,0,16837.04260348538,Traditional
30,3,111423,768,Yes,1,43123.53961913544,Risky
57,2,59320,630,Yes,1,14395.670928458323,Traditional
46,1,50808,812,No,0,13712.373395867879,Traditional
45,3,82389,849,Yes,1,15180.559006276162,Traditional
30,0,148581,683,No,1,57927.42716626033,Risky
30,2,157927,830,Yes,0,60960.701128400746,Risky
28,1,64773,726,Yes,1,22949.513616527285,Risky
54,1,188819,749,No,1,34300.21947000101,Traditional
35,3,106396,731,Yes,1,30601.993293783766,Traditional
54,2,137692,612,No,0,24183.89442428362,Traditional
55,2,87505,644,No,0,20569.91404122098,Traditional
48,2,115896,726,Yes,1,23114.439024408173,Traditional
33,2,48135,769,Yes,1,18170.666279992707,Risky
27,0,120887,713,Yes,1,46055.4240449544,Risky
55,2,152118,776,Yes,0,49642.71464285097,Traditional
60,1,77377,619,Yes,0,25407.824499601895,Traditional
48,1,184626,843,Yes,0,34947.53485286441,Traditional
55,0,92491,804,No,1,25228.695059941885,Traditional
30,1,88283,680,No,1,34657.86280733323,Risky
26,1,46923,781,Yes,1,16790.48715566039,Risky
44,2,77591,763,No,1,22708.119262746644,Traditional
52,1,92261,824,No,1,26006.959635524025,Traditional
35,0,84336,728,Yes,0,23187.351131015133,Traditional
28,2,104083,742,Yes,1,41536.51430850796,Risky
39,3,90948,804,No,1,20518.322620231997,Traditional
30,2,194074,616,Yes,1,70866.75922671483,Risky
54,0,56672,751,No,0,16650.492255922607,Traditional
26,2,34213,657,Yes,1,12573.289249553643,Risky
39,2,171365,671,No,0,49996.27451738261,Traditional
35,0,92507,841,No,0,18481.85372967686,Traditional
32,2,87134,818,No,0,32890.52252874,Risky
50,0,163172,708,No,0,35382.71700228148,Traditional
29,0,58172,622,Yes,0,22258.725020818434,Risky
30,3,50132,773,Yes,1,18187.052955403524,Risky
50,1,48199,671,No,1,14973.54542779914,Traditional
28,1,66609,607,No,0,26122.985820022725,Risky
43,2,169088,658,Yes,0,42888.099710849536,Traditional
44,2,61881,817,Yes,0,14919.530080372113,Traditional
57,3,54472,710,No,1,8506.615725958418,Traditional
44,3,197093,786,No,1,64220.95410154316,Traditional
36,3,84131,612,No,0,12838.56245314642,Traditional
25,0,185159,766,No,1,66726.78104869844,Risky
50,3,42828,828,No,1,10614.630699762709,Traditional
38,3,126664,840,Yes,0,27661.758138829835,Traditional
35,2,162473,755,No,0,54403.0583528383,Traditional
60,3,45193,816,Yes,1,6999.4104303249205,Traditional
37,0,181379,788,Yes,1,48298.50320129203,Traditional
27,0,132518,615,Yes,1,47327.38334999773,Risky
57,2,49611,718,No,0,9617.790884899576,Traditional
30,3,173022,601,Yes,0,68790.97268792518,Risky
34,3,106240,845,Yes,0,38882.3571516933,Risky
29,0,32745,809,Yes,1,12882.043712242348,Risky
47,3,85243,744,Yes,1,12798.671437344996,Traditional
34,3,33866,629,No,0,11425.395652692463,Traditional
26,3,193317,702,No,1,35358.66028297226,Traditional
37,1,158681,612,Yes,0,31215.105376567637,Traditional
26,2,101354,695,Yes,1,37052.550877713176,Risky
44,1,81374,841,No,0,12821.615158357065,Traditional
25,2,144397,820,No,1,53734.85160621309,Risky
33,0,154577,837,No,1,57852.50386155477,Risky
41,3,191188,693,Yes,0,40731.33151713771,Traditional
33,2,111029,681,No,0,40982.82091422207,Risky
35,1,123574,612,Yes,0,21180.36762167858,Traditional
39,3,181519,770,Yes,0,53346.980774297124,Traditional
48,0,60431,812,No,0,19393.137787231302,Traditional
59,2,178980,693,Yes,1,36044.86451320518,Traditional
54,2,59336,748,No,0,9148.537364784701,Traditional
55,2,70992,711,Yes,0,13816.321317894539,Traditional
29,3,85350,654,No,0,13767.222841900648,Traditional
38,1,99561,680,Yes,0,16992.97065716471,Traditional
35,1,81955,767,Yes,0,19366.099592422706,Traditional
33,2,91240,810,No,1,33200.05903596471,Risky
58,0,181165,715,No,0,45869.01701661166,Traditional
36,0,167227,742,No,0,33562.24997518803,Traditional
59,1,76607,800,No,0,25901.3982051187,Traditional
59,0,194559,779,Yes,1,64435.76049115322,Traditional
25,1,182035,801,No,1,63978.92620626654,Risky
46,2,82870,707,No,0,18304.723243198936,Traditional
53,1,94110,822,Yes,0,21290.44661365779,Traditional
32,1,182008,652,No,1,68669.34038586478,Risky
35,2,146895,814,No,1,43409.80290500252,Traditional
38,0,34426,727,Yes,1,8273.524811946301,Traditional
54,1,57606,779,No,0,18511.457059683744,Traditional
59,1,58151,757,No,0,19702.661179327326,Traditional
45,2,41308,760,No,1,8971.6527407554,Traditional
29,0,120306,656,No,0,44914.3391872694,Risky
43,1,136984,651,No,1,23151.8449282944,Traditional
38,2,32204,736,No,1,6121.781042853565,Traditional
50,1,122769,781,Yes,1,28567.505742647925,Traditional
28,3,117265,710,No,0,22425.822296044418,Traditional
49,2,61131,600,Yes,1,19886.653872481016,Traditional
49,0,82428,643,Yes,1,14973.643902887867,Traditional
42,0,63870,826,Yes,0,15401.111334519195,Traditional
32,0,133547,674,Yes,1,47864.82452151008,Risky
38,0,79067,697,No,0,22800.770725310693,Traditional
56,1,142217,807,No,1,32228.345310878918,Traditional
57,1,182679,608,No,0,59155.07975511293,Traditional
47,0,186040,631,Yes,1,49052.01897330745,Traditional
39,0,128934,614,No,1,30673.59923284493,Traditional
57,0,172980,739,No,1,28273.25697566426,Traditional
49,1,187495,824,No,1,45549.64037722524,Traditional
41,0,104707,836,Yes,1,32893.40753685853,Traditional
57,0,91215,805,Yes,0,24893.321795411455,Traditional
26,3,79429,848,No,0,25133.91630745003,Traditional
38,3,112152,784,Yes,1,27903.679376210664,Traditional
30,0,138048,735,Yes,1,52432.4151896862,Risky
30,2,199530,671,No,1,76916.19202651738,Risky
27,0,168731,754,Yes,0,59117.924697526294,Risky
31,3,107240,789,Yes,0,40312.61913596268,Risky
32,2,193865,611,No,1,68216.52465962015,Risky
39,2,143688,664,Yes,0,30052.426660185174,Traditional
53,0,76473,706,Yes,1,19051.778458340912,Traditional
57,3,126762,831,Yes,1,29690.674912774608,Traditional
54,3,136956,641,Yes,1,31788.11169072683,Traditional
51,2,148452,789,Yes,0,29136.635834397744,Traditional
60,0,156311,714,Yes,1,27709.91075965193,Traditional
53,1,37006,738,Yes,1,7006.631357180854,Traditional
57,1,104218,702,Yes,1,16786.02614507792,Traditional
51,3,194912,770,No,0,36960.41183006341,Traditional
57,1,62430,694,No,0,9479.382407750489,Traditional
28,3,53091,616,No,0,14624.005149632945,Traditional
46,3,194055,824,No,1,41387.09593612336,Traditional
26,3,53989,759,Yes,0,20467.620787958254,Risky
34,1,105451,849,No,1,38788.94024889095,Risky
29,3,48990,820,No,0,10736.9283318934,Traditional
34,2,120270,812,Yes,1,45123.6168199067,Risky
57,0,110360,684,Yes,0,16740.541421090627,Traditional
37,0,66081,767,Yes,1,21003.290148960095,Traditional
55,3,172105,750,Yes,0,26917.0313126278,Traditional
60,0,138272,655,Yes,0,46740.90922153633,Traditional
48,1,46241,733,No,0,15186.232013784022,Traditional
39,1,154932,685,Yes,1,39833.6963006061,Traditional
53,0,35939,777,No,0,9298.106273347385,Traditional
32,1,143000,701,No,0,55350.35726470795,Risky
29,0,65063,764,Yes,0,25464.390321708,Risky
53,0,188117,836,No,0,52568.25285719087,Traditional
28,0,77118,791,No,1,30422.420151965118,Risky
36,3,114703,842,Yes,0,18445.33499997914,Traditional
26,0,182697,653,No,1,68785.89861085422,Risky
51,3,158557,799,No,1,41212.842639293915,Traditional
55,0,57076,832,No,1,18696.015927961438,Traditional
60,0,74605,776,Yes,1,12752.39131853972,Traditional
60,0,114565,826,Yes,0,36034.08195579358,Traditional
50,1,69121,714,Yes,1,13271.886400193027,Traditional
51,3,61433,738,No,1,14056.898155783358,Traditional
29,3,73309,687,Yes,1,26683.621696819904,Risky
44,0,97468,648,No,1,22420.66682712894,Traditional
35,0,97293,748,Yes,0,17522.381698795212,Traditional
34,1,126258,714,No,0,46801.72908382843,Risky
30,1,198925,793,Yes,1,77085.0371847747,Risky
32,1,68405,662,Yes,1,26313.35426894069,Risky
47,3,73527,703,No,1,18243.718879013377,Traditional
50,3,107227,682,Yes,0,34286.21037339189,Traditional
36,3,161564,702,No,0,47049.31464667576,Traditional
50,0,169883,755,Yes,0,42146.42325651331,Traditional
37,3,123344,616,Yes,0,24858.642406049235,Traditional
42,2,185344,605,No,0,60604.772593446694,Traditional
49,2,77153,746,No,1,20476.721010326328,Traditional
57,1,138042,783,No,0,26811.831678980066,Traditional
36,3,84110,829,Yes,0,17143.632478876607,Traditional
60,2,175051,627,No,1,54375.50007027576,Traditional
28,1,58328,793,Yes,0,20589.090696413838,Risky
29,3,142911,637,No,0,49792.82730809514,Traditional
32,0,42867,718,No,0,15708.77028520715,Risky
52,2,89234,636,No,1,27592.375759054063,Traditional
55,0,55851,714,No,0,12787.369243403053,Traditional
33,3,61279,843,No,1,15224.353099134534,Traditional
53,2,103402,667,No,1,33722.506202198456,Traditional
38,3,45449,813,Yes,0,10570.63013112803,Traditional
46,0,106221,817,No,0,27351.77480178493,Traditional
35,2,119080,776,Yes,0,19036.120759936788,Traditional
47,0,35451,642,No,0,5334.294059215016,Traditional
25,3,117178,763,No,1,23313.731903719246,Traditional
45,3,93761,657,No,0,26826.58027503131,Traditional
50,0,68870,612,Yes,1,12000.802641128748,Traditional
60,2,126566,651,Yes,1,21864.579215611317,Traditional
47,0,153749,657,No,1,35699.306504982414,Traditional
25,3,153765,631,Yes,1,61416.59000959713,Risky
39,0,154881,808,No,1,45289.43444627034,Traditional
45,3,191945,704,No,0,35642.29292796251,Traditional
33,0,158389,827,Yes,1,57513.218377897676,Risky
33,2,55372,846,Yes,1,20587.504731535188,Risky
34,2,33642,787,Yes,0,12038.625904076189,Risky
50,0,189073,837,Yes,0,60629.90646847484,Traditional
59,0,64064,682,No,1,20673.343256489996,Traditional
49,2,44122,785,Yes,1,13435.348358749397,Traditional
50,3,185892,698,Yes,0,34160.76336157191,Traditional
35,2,98431,837,No,1,30942.797887170036,Traditional
26,3,85745,703,Yes,0,34046.248087955675,Risky
31,0,80081,783,Yes,0,31558.462019865805,Risky
42,0,169783,627,Yes,1,36917.68462741806,Traditional
51,3,179865,728,Yes,0,36422.97202128039,Traditional
58,0,169271,769,No,1,29517.11176361089,Traditional
51,3,106253,809,No,1,26770.593525883654,Traditional
41,1,66191,647,Yes,1,17676.450522174448,Traditional
48,2,40211,639,Yes,0,8921.526029526063,Traditional
49,1,141086,696,No,1,34576.2018845646,Traditional
31,3,182614,790,Yes,0,66369.7941087398,Risky
30,2,192384,803,Yes,1,67536.75817214773,Risky
48,3,131971,799,Yes,1,43583.66578242405,Traditional
57,2,123783,815,Yes,0,22625.558359391394,Traditional
53,2,155681,807,Yes,1,35227.77098690563,Traditional
46,2,117893,713,Yes,1,21005.434465115777,Traditional
50,2,188763,731,Yes,0,51907.70218669871,Traditional
52,3,107960,765,Yes,0,31931.772040877757,Traditional
45,2,114388,835,Yes,0,38478.12673127156,Traditional
31,2,52601,754,No,1,19861.316939729386,Risky
41,1,179092,736,No,0,60898.84505617032,Traditional
44,0,169227,710,No,0,27525.200432839465,Traditional
44,0,197849,743,Yes,1,53538.48797056408,Traditional
46,1,49710,783,Yes,0,8024.513495711386,Traditional
52,1,138714,675,No,1,45602.89853624208,Traditional
31,3,185604,630,Yes,1,66736.16520625222,Risky
25,3,158727,815,No,0,45057.78113430527,Traditional
56,3,179673,718,Yes,1,56833.22639802175,Traditional
37,1,93227,741,No,0,16786.65168046259,Traditional
54,1,166039,836,No,0,26187.39087052916,Traditional
47,2,114289,624,No,0,37232.63945704679,Traditional
43,3,181094,633,Yes,0,38570.60357868958,Traditional
56,3,35722,666,No,1,6279.776909794839,Traditional
54,3,188485,849,Yes,1,45932.3332544719,Traditional
53,0,111050,751,Yes,0,29945.87794120857,Traditional
53,2,113596,717,Yes,0,17743.027333276692,Traditional
54,3,96732,833,Yes,1,19828.04136290492,Traditional
40,3,173369,672,Yes,0,27142.646280702236,Traditional
43,3,98323,625,Yes,1,23014.177294373807,Traditional
42,0,53816,747,Yes,0,17706.5406328458,Traditional
25,0,70695,791,No,1,27068.938448630433,Risky
38,1,180774,703,No,1,50148.426887412956,Traditional
26,2,186314,609,No,1,71242.00015959298,Risky
52,1,85841,810,Yes,0,28427.95349738608,Traditional
54,2,158498,666,Yes,0,40139.54949631263,Traditional
28,0,137096,751,Yes,0,54321.949836964384,Risky
25,3,122764,604,Yes,0,46141.658979539694,Risky
32,1,115744,794,No,0,41187.875170808635,Risky
53,3,58482,785,Yes,1,17330.61755187907,Traditional
27,1,39171,626,No,1,13958.336777402972,Risky
56,0,130755,807,Yes,1,24852.33666149306,Traditional
34,0,138125,712,No,1,51675.967699269175,Risky
34,0,160722,614,Yes,1,61255.778154524014,Risky
43,1,136082,762,No,1,26392.362256104603,Traditional
58,2,33696,803,Yes,1,8010.696299095106,Traditional
57,1,156310,704,No,0,47893.441071717796,Traditional
47,2,181130,780,Yes,1,55568.96392061238,Traditional
52,1,181385,643,No,0,43650.72732192061,Traditional
56,1,49149,625,No,1,15159.418655258005,Traditional
31,0,160064,774,Yes,1,61742.2557395378,Risky
53,3,83521,761,No,0,23465.655104602538,Traditional
32,3,75740,814,Yes,1,27641.033330422386,Risky
25,2,136611,694,Yes,0,50619.9519307431,Risky
27,3,166028,777,Yes,1,59917.01311023343,Risky
48,1,96641,683,No,0,16753.76315510337,Traditional
47,1,93811,739,No,1,19196.72542930498,Traditional
32,0,93232,814,Yes,0,34364.55435493482,Risky
27,0,45417,731,Yes,0,15954.626430065811,Risky
57,3,185801,686,No,1,61627.87096644294,Traditional
52,2,142492,775,No,1,24351.321858981,Traditional
32,3,60099,782,No,0,17672.3263922629,Traditional
58,3,191033,711,Yes,1,54913.69683641061,Traditional
59,3,173674,728,Yes,0,29377.102939731994,Traditional
56,3,148474,845,Yes,1,49666.703049196745,Traditional
48,1,39256,688,Yes,0,10351.588953573622,Traditional
38,2,64681,665,Yes,1,14407.376086515438,Traditional
56,1,121328,757,No,0,36557.06265166371,Traditional
40,2,73361,730,Yes,1,14780.267478760454,Traditional
28,0,64540,721,No,0,25346.521311683988,Risky
45,3,187608,748,No,0,29631.22804604283,Traditional
38,1,114700,816,Yes,1,36461.020382756695,Traditional
55,2,108532,683,No,1,26007.975673783545,Traditional
42,0,157626,776,Yes,0,43715.77146371698,Traditional
31,0,163943,715,No,0,63930.24621121458,Risky
34,3,76002,813,Yes,0,28532.97118207403,Risky
31,2,79812,812,Yes,0,28863.61807731462,Risky
57,1,183698,789,No,1,44940.36320085805,Traditional
47,3,138946,824,Yes,0,38008.03703813801,Traditional
45,1,96668,715,No,0,23322.622880812723,Traditional
43,0,129003,637,Yes,0,42418.543781673965,Traditional
43,1,72998,742,Yes,1,18218.390887836853,Traditional
60,1,134601,849,Yes,0,42851.80880879761,Traditional
53,3,37812,849,No,1,11731.944805462927,Traditional
42,1,91844,709,No,1,21317.08096238369,Traditional
26,3,163251,779,Yes,1,57681.96419392422,Risky
25,0,104601,806,No,1,41832.87294648317,Risky
29,3,169347,645,Yes,1,59481.58601533008,Risky
44,3,77857,624,No,1,15223.107268258085,Traditional
35,2,155555,620,No,1,39648.98915598044,Traditional
26,1,50700,815,Yes,0,19878.495190486065,Risky
27,0,123330,720,Yes,0,46585.567259053525,Risky
47,3,174941,721,Yes,1,48710.90922137778,Traditional
36,0,182026,732,Yes,0,36246.1665795619,Traditional
44,2,192627,669,Yes,0,33104.0843445865,Traditional
29,1,93353,712,No,1,33025.54764327274,Risky
54,3,130772,706,No,0,22204.26496408068,Traditional
33,1,121502,711,Yes,1,46591.858085949905,Risky
58,2,143943,707,Yes,0,46208.8531061155,Traditional
59,2,139850,646,Yes,1,30668.24595959032,Traditional
46,0,75095,814,No,1,25878.418104353183,Traditional
48,3,175342,795,Yes,0,60659.01554558362,Traditional
41,0,191980,690,Yes,0,39097.72608133476,Traditional
34,2,45523,617,No,1,18134.8338806572,Risky
54,1,92433,748,No,1,26899.17290979116,Traditional
47,0,49991,819,No,1,12007.70325077867,Traditional
56,0,40775,826,No,0,6937.889442490345,Traditional
41,1,114995,813,Yes,0,33521.567313676,Traditional
41,0,177745,703,No,0,27769.986844019688,Traditional
38,1,152808,750,No,0,49515.80317614771,Traditional
33,3,188128,791,Yes,1,70003.05162707386,Risky
26,1,167686,794,Yes,1,61491.33363448937,Risky
49,3,37415,639,Yes,1,6926.8058056989175,Traditional
33,1,178036,841,No,1,67525.97776312009,Risky
46,2,198798,737,Yes,0,57379.83649594881,Traditional
28,2,67044,688,No,1,26016.4442560435,Risky
50,3,198616,779,No,1,45587.73406525929,Traditional
53,3,79976,840,No,0,17375.789338987266,Traditional
58,2,193324,799,Yes,0,38064.87722546991,Traditional
47,3,33832,846,No,1,8327.056818773082,Traditional
35,1,64148,802,Yes,0,16701.941919749966,Traditional
30,1,142230,660,Yes,1,51488.33807511055,Risky
42,2,115076,791,Yes,0,23179.033793230752,Traditional
45,0,68402,604,No,0,23238.26728838527,Traditional
60,1,68578,721,No,1,12615.039658009791,Traditional
58,3,120453,836,No,0,41331.11437202773,Traditional
41,0,183390,780,Yes,1,28053.392861330223,Traditional
49,0,105715,654,No,0,26029.690502083566,Traditional
36,1,141435,636,No,0,30645.22603680321,Traditional
47,1,181538,655,No,0,43537.29326361397,Traditional
46,0,125742,786,No,0,33212.60109804047,Traditional
45,0,75475,836,No,0,17896.46834020184,Traditional
51,2,90142,701,Yes,1,21000.324955977274,Traditional
55,3,187636,692,Yes,0,55642.45815489824,Traditional
30,2,183484,796,Yes,1,72304.23776527142,Risky
51,1,123526,672,Yes,0,39115.03367695203,Traditional
58,2,81001,658,No,1,16199.535487876074,Traditional
36,2,87649,839,Yes,0,23832.262870286784,Traditional
31,2,196589,601,No,1,71466.82095430365,Risky
34,2,174228,792,Yes,1,64207.29910480025,Risky
41,3,184136,703,Yes,0,45520.53830715841,Traditional
50,3,55711,787,Yes,0,11852.873397141091,Traditional
45,0,60106,650,No,0,10721.039872633302,Traditional
52,1,95458,629,No,1,18400.50719348863,Traditional
26,2,177661,610,Yes,1,62950.797666660284,Risky
25,0,160429,819,No,0,61517.73660091503,Risky
60,0,131754,707,Yes,0,37173.79539034062,Traditional
50,0,168286,675,Yes,1,57237.64876953809,Traditional
53,3,156479,766,Yes,1,46307.71969782133,Traditional
45,2,188199,689,No,0,30188.84496161304,Traditional
35,2,166213,804,Yes,1,54326.55861885065,Traditional
35,1,58884,722,Yes,0,18992.15285897922,Traditional
60,2,32708,799,Yes,0,7806.224210366685,Traditional
59,2,48375,790,No,0,12924.47501385764,Traditional
58,0,45088,791,Yes,1,15565.083970904185,Traditional
48,1,87615,788,No,1,22469.819367711418,Traditional
46,2,140138,724,Yes,1,46394.698076993685,Traditional
29,3,40014,781,No,1,6666.64257100336,Traditional
57,2,164345,819,Yes,0,30931.433872585694,Traditional
60,0,132842,721,Yes,1,31636.453639326308,Traditional
44,3,191953,693,No,0,51242.11472615413,Traditional
43,0,108077,800,No,0,33854.641509155175,Traditional
59,2,169784,702,Yes,0,59025.81899149417,Traditional
41,3,82874,822,No,1,18876.235783759184,Traditional
58,1,99087,785,Yes,0,15802.704627642517,Traditional
33,1,42297,812,Yes,0,15910.621924332632,Risky
50,3,57128,783,Yes,1,15474.61234395253,Traditional
26,3,98368,838,No,0,18661.25278822945,Traditional
33,0,108958,761,Yes,1,41060.05494423161,Risky
33,3,62920,846,No,1,18779.23212979639,Traditional
41,0,172228,630,Yes,1,52371.496252651676,Traditional
25,2,172180,651,No,0,67748.87992270902,Risky
49,0,192917,688,No,1,40713.764301773816,Traditional
49,3,163872,675,Yes,1,56494.62888076239,Traditional
59,3,163682,728,No,1,46268.40377731613,Traditional
27,2,107603,782,Yes,1,38209.00356355579,Risky
54,3,63872,621,Yes,0,13163.549411279912,Traditional
58,3,40728,639,Yes,1,12064.472458353815,Traditional
36,1,125102,700,Yes,0,24824.826682134306,Traditional
43,1,152049,710,Yes,1,28029.01642269206,Traditional
41,2,50583,728,No,0,12947.56752107368,Traditional
34,0,115774,664,Yes,1,41176.3615820801,Risky
36,1,168335,848,No,0,46423.599514143345,Traditional
40,0,156374,790,No,1,27144.608468956678,Traditional
48,3,180528,833,Yes,0,50726.24154506589,Traditional
43,1,121118,781,No,0,25030.16177560514,Traditional
32,2,95942,769,Yes,0,34403.257469441814,Risky
55,2,43689,748,No,1,7662.491884745418,Traditional
45,2,194006,678,No,0,65326.29699845505,Traditional
41,1,63276,808,No,0,20467.946428932675,Traditional
47,0,131968,621,Yes,0,25960.983347951616,Traditional
40,3,180945,765,No,0,55310.250853596786,Traditional
30,0,43050,698,Yes,1,15365.400803796389,Risky
32,0,96216,836,No,0,36878.46341786863,Risky
49,3,114040,807,No,0,25627.197882652817,Traditional
42,3,51644,607,No,0,14785.270374567359,Traditional
49,1,92021,789,No,1,14972.474142634283,Traditional
36,1,198197,774,Yes,0,45436.55707939424,Traditional
39,1,72291,616,Yes,0,24778.718508990947,Traditional
50,1,196132,616,No,0,50562.07937353021,Traditional
50,1,162610,845,No,0,33753.917207455816,Traditional
56,3,197248,689,Yes,1,34331.84138703829,Traditional
34,0,71520,740,Yes,0,27871.825192754604,Risky
40,1,55675,744,Yes,0,15531.722043590009,Traditional
31,1,179359,765,Yes,1,70799.70147783657,Risky
41,0,30174,680,No,1,10264.840870239936,Traditional
47,1,122268,839,No,1,18883.138707679696,Traditional
50,0,64998,677,Yes,0,13697.988581673082,Traditional
45,0,173184,772,Yes,1,57880.49958306133,Traditional
46,3,135410,605,Yes,0,29003.073540567082,Traditional
31,2,105225,762,Yes,1,41348.06140354678,Risky
38,3,74814,709,Yes,0,19215.533149719264,Traditional
39,2,115091,613,Yes,1,36226.08344002092,Traditional
31,2,80719,838,No,0,29545.655911841386,Risky
33,2,159887,671,No,1,57386.09452638051,Risky
32,1,63919,788,No,0,23136.664028457362,Risky
47,3,103155,742,Yes,0,19212.624022284068,Traditional
53,2,101569,653,Yes,0,29698.937322187237,Traditional
42,0,71328,626,Yes,0,16190.867153658335,Traditional
55,1,54618,612,No,0,12587.206145434475,Traditional
54,3,64675,840,Yes,0,19833.10734569674,Traditional
59,2,48919,758,Yes,0,16757.544004321884,Traditional
42,0,34173,844,No,0,5991.5922285614315,Traditional
41,3,139369,847,Yes,1,32629.913096712833,Traditional
38,3,56400,762,No,0,13885.021339190944,Traditional
55,1,100305,659,No,0,22594.941359934204,Traditional
48,3,198636,605,Yes,1,44223.886955699214,Traditional
59,1,118791,796,No,0,19060.459457661924,Traditional
58,2,189034,813,Yes,1,54273.121519886976,Traditional
27,1,100533,657,No,0,35950.50118423319,Risky
50,0,133591,648,Yes,1,25243.189777800962,Traditional
47,1,171650,750,No,1,53761.93013403,Traditional
39,0,161060,816,Yes,0,50011.08681946024,Traditional
28,1,179696,761,No,1,65106.98973182263,Risky
53,3,69194,625,No,0,14509.299009491628,Traditional
46,2,139903,646,No,0,38839.66732342022,Traditional
49,0,161461,604,Yes,0,33524.21639895105,Traditional
37,1,129303,817,Yes,0,25498.756682929386,Traditional
42,1,143903,619,No,1,42610.10005167009,Traditional
57,1,97391,733,Yes,0,15394.113084332621,Traditional
40,3,174866,797,No,1,29544.25669118706,Traditional
26,3,88002,658,Yes,1,33684.68384873675,Risky
59,0,65531,791,No,0,11834.153990584231,Traditional
58,0,34986,841,Yes,0,5730.636888948827,Traditional
54,3,62298,745,No,0,21751.999181590672,Traditional
37,0,31481,731,No,0,6540.555332824939,Traditional
37,2,86408,616,No,1,15540.790087744863,Traditional
42,2,151950,848,No,0,30116.376280495944,Traditional
56,3,177907,613,Yes,1,59994.708411198146,Traditional
56,0,155355,805,No,0,39465.148289590994,Traditional
59,1,57798,612,Yes,0,12886.851266080303,Traditional
53,2,121649,734,Yes,0,39496.78949263972,Traditional
53,3,94887,727,No,0,21728.938360317206,Traditional
40,0,49477,643,Yes,1,10736.593803159381,Traditional
34,3,178338,718,Yes,1,69580.46218175525,Risky
54,1,157815,742,Yes,0,35596.65115305276,Traditional
49,2,157426,618,No,1,33584.770286064115,Traditional
44,3,172961,662,Yes,1,49373.58402083315,Traditional
29,3,54335,834,Yes,0,19983.135576412715,Risky
25,3,172326,838,No,0,45742.20470040286,Traditional
54,1,116610,835,No,1,19028.237072875665,Traditional
27,3,41442,762,Yes,1,15688.31028687292,Risky
38,1,76289,680,No,1,17659.458153191634,Traditional
54,1,83747,762,Yes,1,28255.3878334183,Traditional
28,1,67327,746,Yes,0,24583.67173590292,Risky
42,2,177271,747,Yes,0,50134.86670784316,Traditional
49,2,102827,699,No,1,20670.02076398502,Traditional
25,3,136464,762,Yes,0,54107.4421742955,Risky
39,3,161184,759,No,1,26064.63266946056,Traditional
33,2,117051,721,No,1,44839.11403996694,Risky
39,0,180653,775,Yes,0,32794.337494788364,Traditional
48,2,89722,643,No,1,16580.813083380537,Traditional
28,1,122036,703,No,1,44128.69706642376,Risky
36,2,177595,751,No,0,27201.802441890988,Traditional
30,1,96960,660,No,0,37929.51315135083,Risky
48,3,49552,724,No,1,11193.414066233472,Traditional
35,0,171880,744,Yes,1,43195.16279685622,Traditional
37,3,184692,670,No,0,48493.84843432788,Traditional
58,1,30887,706,Yes,1,6568.84759574039,Traditional
49,1,61802,649,Yes,1,12917.963555421838,Traditional
31,1,115024,664,Yes,0,41933.12905197658,Risky
28,0,148639,698,Yes,0,57763.10386903851,Risky
32,2,148248,631,Yes,0,52446.636972458284,Risky
44,3,111938,763,Yes,0,18976.149763356698,Traditional
53,3,152746,740,No,0,50338.84364863128,Traditional
34,2,56049,797,No,0,21287.58936371286,Risky
58,3,107789,657,No,1,28053.54004443081,Traditional
50,0,114526,727,Yes,1,25414.307633859582,Traditional
27,3,168918,741,No,0,29587.755810180457,Traditional
30,1,76220,764,No,0,30341.44312789991,Risky
29,2,76163,711,No,1,29731.22344988176,Risky
29,0,164837,806,Yes,1,61481.17421649279,Risky
47,2,147126,838,No,1,35365.23701270221,Traditional
33,0,111486,667,Yes,0,44223.45879319425,Risky
59,1,105277,639,No,0,28223.207771377893,Traditional
44,2,134245,786,Yes,1,22738.883314421742,Traditional
59,3,152332,807,Yes,0,39546.042143181716,Traditional
42,0,52931,819,Yes,0,15378.978183939424,Traditional
41,2,119116,743,No,0,36752.131776596,Traditional
48,3,85633,789,No,1,23619.595122237635,Traditional
27,2,81913,731,Yes,1,32513.103078446886,Risky
56,2,124776,772,No,0,36438.91590241078,Traditional
59,2,55991,689,Yes,0,15983.659460790035,Traditional
37,0,134092,627,Yes,0,20768.88991745508,Traditional
49,3,171633,695,No,0,39878.84748630324,Traditional
33,1,177973,836,No,0,66536.18327922207,Risky
28,0,125556,793,No,1,50188.27549061411,Risky
38,0,92875,630,Yes,0,17945.97271367535,Traditional
58,0,186989,602,Yes,0,50145.66000100672,Traditional
35,1,92120,845,No,0,30642.90664046431,Traditional
27,3,163060,735,Yes,1,60396.561712468894,Risky
52,3,140041,623,No,1,46814.52256749982,Traditional
53,3,158467,614,Yes,0,54782.231012384516,Traditional
33,2,175328,770,No,1,64032.48207293842,Risky
27,2,148490,758,No,1,52613.40376161357,Risky
49,2,156155,800,Yes,1,36316.6372314084,Traditional
58,1,58230,830,No,1,18748.365394442826,Traditional
36,2,89778,644,No,1,17988.184063395165,Traditional
33,1,75833,793,Yes,1,28711.56887359428,Risky
39,3,52625,607,No,0,14353.026379447938,Traditional
49,2,62088,670,Yes,1,19167.03004591673,Traditional
29,2,133937,847,No,1,48756.115500438376,Risky
35,0,106361,707,Yes,0,19856.702816167526,Traditional
58,1,118229,714,No,0,35667.41157183216,Traditional
48,3,165189,702,No,0,25504.736317830768,Traditional
39,0,120265,833,No,0,37688.11619470315,Traditional
32,0,127718,724,No,1,50485.37228932529,Risky
29,3,90710,656,Yes,1,36171.00785820919,Risky
50,0,124876,807,Yes,1,27849.693676573395,Traditional
42,1,60949,826,Yes,1,16596.34995567649,Traditional
30,1,183619,629,Yes,0,67280.34356190077,Risky
37,2,98136,801,Yes,1,21442.229622013427,Traditional
52,0,141541,829,Yes,1,24287.372573611156,Traditional
29,2,91842,745,Yes,0,35065.76068484696,Risky
37,0,56990,713,No,1,15261.19278516792,Traditional
41,1,177265,796,No,1,45048.54425593545,Traditional
56,1,60109,716,No,1,17938.94209145243,Traditional
53,1,160356,820,No,1,40401.229488438265,Traditional
27,0,180305,766,Yes,0,67194.41067313543,Risky
58,1,158133,659,Yes,0,36310.09395120598,Traditional
51,0,195582,697,Yes,0,30371.807620771397,Traditional
37,2,31306,770,No,0,6796.890751263109,Traditional
57,0,33849,725,Yes,0,11684.81126240932,Traditional
30,2,42360,772,No,1,15891.636868956943,Risky
48,0,141072,750,Yes,1,30454.00453453023,Traditional
43,2,124767,796,Yes,0,33382.54386078321,Traditional
40,1,198035,693,Yes,0,63264.132200424305,Traditional
52,2,84330,733,Yes,0,20092.032963626658,Traditional
57,1,81707,783,No,1,12549.506634686717,Traditional
37,1,48689,721,No,0,8028.917975097554,Traditional
49,2,59084,837,Yes,1,14893.808709633395,Traditional
60,0,70387,707,No,1,24205.23586713961,Traditional
51,0,104816,603,Yes,1,30254.29027544257,Traditional
31,3,32642,692,Yes,1,12075.057187638447,Risky
29,0,72137,750,Yes,0,26391.007703891417,Risky
55,3,92260,605,Yes,1,28071.454638637315,Traditional
47,0,176510,631,No,1,56181.00640597535,Traditional
34,0,78442,705,Yes,0,31226.236237666166,Risky
56,1,133061,745,Yes,1,37108.6682748226,Traditional
54,3,164066,614,No,1,25539.74242692008,Traditional
55,0,155844,767,Yes,1,49200.89395484412,Traditional
42,3,129575,721,No,0,39864.402019747045,Traditional
60,1,31813,695,Yes,1,6420.087007871956,Traditional
26,1,123027,800,Yes,1,44408.990919232325,Risky
38,3,153489,828,Yes,0,29618.913737113304,Traditional
37,1,114381,801,Yes,0,18079.750830246623,Traditional
53,2,85276,811,Yes,1,16221.823961187403,Traditional
36,2,71243,605,Yes,1,13231.66141332131,Traditional
26,1,90272,711,No,0,33519.43025175643,Risky
56,2,95618,719,Yes,1,22344.96080418459,Traditional
37,0,31920,722,No,0,8034.512283321366,Traditional
51,3,136121,790,No,1,33397.39285761383,Traditional
41,0,106872,666,Yes,0,21816.307297744483,Traditional
55,3,111132,705,No,1,17318.15894799481,Traditional
58,1,32093,738,Yes,0,8697.855272491375,Traditional
48,0,42905,642,No,0,9831.636384920148,Traditional
59,1,151759,744,Yes,0,31829.08758659543,Traditional
30,1,185423,695,No,0,67082.01711451581,Risky
43,3,60981,731,No,0,18254.580730567915,Traditional
54,3,103903,790,Yes,1,33410.33275450837,Traditional
31,3,100821,795,No,1,25104.082069141004,Traditional
34,0,139200,680,Yes,0,52076.28760314779,Risky
56,2,112289,640,Yes,1,32478.951768124305,Traditional
58,3,146506,810,Yes,1,28014.10904069516,Traditional
52,3,108513,732,Yes,1,25852.781016429893,Traditional
39,0,180946,759,Yes,1,29494.226551429114,Traditional
54,3,168746,813,No,1,53165.39833505372,Traditional
53,0,80516,847,No,1,14105.447330916111,Traditional
46,1,99212,797,No,0,32801.42197387522,Traditional
28,3,163498,634,Yes,1,62751.292944992005,Risky
44,3,160970,621,No,1,39102.277518357085,Traditional
56,1,120009,792,No,1,35867.52676606352,Traditional
60,1,191015,811,No,0,52316.91015507491,Traditional
28,1,74816,749,No,1,28099.11511714015,Risky
51,3,34138,711,No,1,8068.892506125893,Traditional
41,2,121176,846,Yes,1,37220.62577735867,Traditional
36,2,105945,610,Yes,0,25690.747496793418,Traditional
46,2,34017,804,No,1,11504.316641009662,Traditional
41,3,40451,833,Yes,0,10002.497570095607,Traditional
34,1,123863,602,Yes,1,44339.206430622005,Risky
25,3,40278,736,No,0,12365.924888011034,Traditional
46,1,73764,659,No,0,23185.171371009288,Traditional
50,3,153030,675,Yes,0,39925.19383291375,Traditional
42,3,162206,686,No,1,30163.756827156438,Traditional
38,1,92943,613,Yes,0,22636.42065197806,Traditional
53,2,125667,824,Yes,0,43181.00344463011,Traditional
36,1,84318,617,No,0,25345.757964935605,Traditional
60,0,133423,712,Yes,0,41658.999619473085,Traditional
59,0,133998,832,Yes,1,20979.410238156106,Traditional
36,1,90128,672,Yes,1,21952.647529658312,Traditional
31,3,51869,622,No,1,14488.268316336746,Traditional
53,0,35039,801,No,1,11072.553040328823,Traditional
35,0,182353,682,No,0,29149.989710355825,Traditional
57,3,142935,724,No,1,45808.920423844225,Traditional
30,3,40442,774,Yes,0,15734.54781811905,Risky
39,2,103788,668,No,1,19663.96447562962,Traditional
56,3,149729,646,No,1,31959.811260759427,Traditional
35,1,57586,715,No,1,11884.939033433075,Traditional
47,1,83053,814,No,0,21275.837074952153,Traditional
50,2,116346,629,Yes,1,18654.584422988108,Traditional
58,0,97087,624,Yes,1,17641.410004056415,Traditional
58,0,173697,755,Yes,1,54287.01871104866,Traditional
53,3,64397,825,No,0,11367.409838424477,Traditional
28,1,88671,836,No,1,35281.156367357195,Risky
41,0,146214,847,Yes,1,35189.92594556125,Traditional
59,2,96897,711,No,0,24556.042539103473,Traditional
37,2,187221,838,No,0,56675.93352076848,Traditional
39,1,166355,624,Yes,1,39836.447167610735,Traditional
53,2,168682,673,Yes,1,51949.48880110335,Traditional
53,2,44924,805,No,1,12294.317899542026,Traditional
35,1,143143,833,No,0,24709.337200068843,Traditional
56,3,140253,848,No,0,25423.140645782154,Traditional
26,3,130297,837,Yes,0,46144.12606059783,Risky
38,2,30869,657,Yes,1,7080.665735053112,Traditional
44,3,127088,693,Yes,0,37962.3108279329,Traditional
46,3,31014,718,Yes,1,8254.296330735013,Traditional
35,2,40103,726,No,0,9128.51018948664,Traditional
51,3,140317,768,Yes,0,25839.66413858155,Traditional
27,2,194530,624,Yes,0,69944.28883910543,Risky
41,0,112409,677,No,1,29799.648797017686,Traditional
52,1,53248,698,No,1,12496.653896660828,Traditional
53,1,190133,715,No,1,48100.892408441236,Traditional
45,3,185242,647,Yes,1,34109.62589405127,Traditional
40,3,38024,825,No,0,10744.869467829953,Traditional
44,3,115947,609,No,1,37161.911877205355,Traditional
30,1,180368,698,Yes,0,71634.91745087542,Risky
43,0,121829,802,Yes,1,30250.48732377312,Traditional
29,0,122708,610,No,1,44217.0417044659,Risky
27,1,116664,684,Yes,0,42921.96331137909,Risky
25,0,179329,748,No,0,64104.73214660132,Risky
39,1,173927,813,No,1,29226.543509745577,Traditional
58,0,115178,772,Yes,1,31236.61919111546,Traditional
59,2,131121,734,No,0,22018.67154949496,Traditional
49,2,50025,846,Yes,0,17100.90053041484,Traditional
48,1,165530,808,Yes,0,48522.22775950594,Traditional
36,0,93610,791,Yes,0,28797.427553476693,Traditional
42,3,100843,725,No,0,29327.249210658836,Traditional
39,0,137237,663,Yes,1,36772.078744805185,Traditional
40,2,160299,601,Yes,1,38468.96377904509,Traditional
51,2,199578,675,No,1,64199.188477190655,Traditional
32,0,35668,720,No,1,13235.992183068885,Risky
49,0,103233,641,No,0,25788.350247481405,Traditional
41,3,185489,809,No,0,62381.25094655208,Traditional
53,3,111982,653,Yes,0,29861.857185266832,Traditional
32,0,136133,674,Yes,1,52025.742539146086,Risky
39,0,40751,615,Yes,0,9816.775170132747,Traditional
51,0,76218,840,No,0,14622.998921660535,Traditional
31,0,156649,842,No,1,56636.283900745526,Risky
27,1,37352,617,Yes,1,14570.85449831675,Risky
53,0,118835,826,No,1,29939.84061950193,Traditional
48,3,127493,844,No,0,28812.396838690525,Traditional
27,2,58927,786,Yes,0,21850.339819758632,Risky
44,1,131948,689,Yes,1,45671.11425500744,Traditional
39,0,59493,743,No,1,13091.70082964606,Traditional
49,2,61707,605,No,0,14836.620527818834,Traditional
54,1,168368,784,No,1,29751.149270034304,Traditional
38,2,186470,707,Yes,0,29759.035673505015,Traditional
31,0,65842,834,Yes,1,24293.609485848003,Risky
41,0,43261,774,Yes,1,11426.814967357774,Traditional
44,3,106709,838,Yes,1,32241.159829627595,Traditional
60,0,125985,647,Yes,0,22673.842943544438,Traditional
33,0,136616,641,No,0,54198.37325555705,Risky
46,1,97173,675,No,1,19505.390031834897,Traditional
26,3,61781,787,No,0,12085.127421980025,Traditional
48,1,43652,676,Yes,1,6648.426713088182,Traditional
32,2,35103,731,Yes,1,13366.437186597508,Risky
35,0,55500,830,Yes,0,11757.876037646618,Traditional
37,2,130336,845,No,0,22597.102028076122,Traditional
41,1,196601,729,Yes,0,68254.30104864614,Traditional
32,0,143499,817,Yes,0,55233.27126691709,Risky
45,0,179524,658,No,1,31607.85524155775,Traditional
42,1,79393,754,Yes,0,15070.098412470008,Traditional
54,1,192246,626,No,0,51433.61896714709,Traditional
42,1,196508,678,Yes,1,31993.21295752437,Traditional
55,1,77406,671,Yes,1,24962.415255541277,Traditional
56,1,93059,606,No,1,31854.08973002594,Traditional
35,0,177026,790,No,1,35290.041778212755,Traditional
49,1,112722,710,No,0,27055.427773219766,Traditional
57,0,42356,718,No,0,6540.905361561076,Traditional
32,0,158128,773,No,1,59281.78075239241,Risky
35,1,32187,662,No,1,7492.657606107736,Traditional
46,1,107243,831,Yes,0,21878.826016025825,Traditional
48,3,65098,723,Yes,0,12457.636445383996,Traditional
41,0,182297,611,No,0,51189.8389975918,Traditional
36,1,164678,740,Yes,0,38410.057647267895,Traditional
56,1,87620,642,No,0,16291.349380960177,Traditional
39,1,193900,616,Yes,1,55808.650180059034,Traditional
40,3,156270,662,No,1,41101.269134028815,Traditional
46,3,187561,808,Yes,1,60344.82785892624,Traditional
52,2,44387,719,Yes,1,7700.930544686178,Traditional
44,0,99463,635,Yes,0,30548.401445840285,Traditional
57,2,163663,812,Yes,1,46595.405576174606,Traditional
34,1,121683,607,Yes,0,45471.55777765163,Risky
56,3,92061,668,No,0,26602.3282425441,Traditional
57,3,111257,689,No,0,26513.595343780657,Traditional
26,2,91753,807,No,0,35872.662294293434,Risky
57,3,114774,635,Yes,0,20466.760231163753,Traditional
57,1,172159,627,No,0,47957.76074588933,Traditional
37,3,191888,717,Yes,0,43442.67739275875,Traditional
54,2,53408,692,Yes,1,18231.51158538352,Traditional
57,1,154116,774,Yes,0,33288.28219251125,Traditional
37,2,161208,675,No,1,55203.613219470826,Traditional
50,3,47413,700,Yes,1,15660.379731647963,Traditional
46,2,143650,757,No,0,29315.61035047515,Traditional
26,2,89500,750,No,0,34198.44330173921,Risky
50,0,114514,743,Yes,1,39979.22391306533,Traditional
39,3,86358,613,Yes,1,17317.59430830152,Traditional
58,3,96197,801,No,1,22832.880671479073,Traditional
35,2,193926,670,No,1,49264.21390388908,Traditional
27,0,106240,836,No,0,40692.41515988786,Risky
30,3,46322,779,No,0,7089.719580416678,Traditional
33,1,143053,723,No,0,51491.425089450975,Risky
30,2,36968,724,No,1,14050.957527374067,Risky
33,3,57518,636,Yes,0,20305.818437995265,Risky
55,1,81925,628,No,1,15092.264108803589,Traditional
56,3,141900,794,No,0,46067.95864290966,Traditional
36,1,123422,742,No,1,35913.60836479339,Traditional
32,2,31700,827,No,0,12281.645397772822,Risky
32,3,123782,774,Yes,0,48447.8103361764,Risky
52,3,53199,773,Yes,1,14934.624177660518,Traditional
44,0,193187,779,No,1,65923.9499745383,Traditional
31,2,35520,618,No,1,12776.772696312046,Risky
35,1,139814,804,No,1,27904.985507429825,Traditional
44,3,197527,705,Yes,1,66281.82350931359,Traditional
40,3,153364,620,Yes,0,51595.75716022845,Traditional
28,1,44955,663,Yes,1,17628.056941147763,Risky
30,2,174989,764,Yes,0,63899.05493089059,Risky
46,0,94925,626,Yes,0,15975.553956294349,Traditional
50,0,137216,654,Yes,0,34684.797308986024,Traditional
27,3,100269,843,No,0,19684.468990711335,Traditional
38,1,192026,628,Yes,0,35763.61520858969,Traditional
35,3,71458,747,Yes,1,22299.230629751015,Traditional
42,1,119037,624,No,1,21070.45693520846,Traditional
36,0,182185,669,Yes,0,44404.009697237285,Traditional
47,2,129977,662,No,0,43895.26676933476,Traditional
36,1,73939,763,Yes,1,13838.897271289172,Traditional
37,0,59345,729,No,1,20509.553946349104,Traditional
49,3,140107,749,No,0,48877.39136420493,Traditional
43,1,151866,823,No,1,39655.770962599556,Traditional
60,2,99166,615,No,1,18249.374994481605,Traditional
32,3,127406,745,No,1,27165.63187059955,Traditional
53,3,79298,796,Yes,0,18626.986529116773,Traditional
56,0,74942,781,Yes,1,15877.575204370789,Traditional
42,1,33453,699,No,0,6895.570410721816,Traditional
30,3,132811,629,No,0,45746.20998214673,Traditional
42,2,84935,644,No,0,15345.45832331127,Traditional
43,1,152439,618,Yes,0,45223.40461537795,Traditional
46,2,38328,814,No,0,5752.345114724939,Traditional
56,3,45534,633,No,1,12259.416333713565,Traditional
27,2,115280,740,No,0,41738.53235292319,Risky
52,0,66320,770,No,0,13767.157824052456,Traditional
34,2,79170,661,Yes,0,28701.036744708937,Risky
59,1,130546,717,No,1,36596.73810043983,Traditional
53,2,110201,820,No,1,32236.027537138045,Traditional
39,2,38640,699,Yes,1,11113.09985046091,Traditional
57,0,191121,621,No,1,40873.782285313006,Traditional
31,2,166690,779,No,1,65556.21855564853,Risky
36,2,162992,779,Yes,1,55610.223408682694,Traditional
54,3,73937,710,Yes,1,24743.749148590752,Traditional
